,Proposed Biomarker,Avg stride time,Max stride time,Std stride time,U-turn time,Gait cadence
Proposed Biomarker,1.0,0.10935746872334708,-0.13944384496317908,-0.15464939644000822,-0.25972326391526224,-0.06656078388119349
Avg stride time,0.10935746872334708,1.0,0.5605601186781132,0.37473039840385813,0.4378139803236177,-0.9959495364947358
Max stride time,-0.13944384496317908,0.5605601186781132,1.0,0.9442960126360549,0.4244552538944925,-0.5797907491814108
Std stride time,-0.15464939644000822,0.37473039840385813,0.9442960126360549,1.0,0.3190669939271937,-0.3931708153720139
U-turn time,-0.25972326391526224,0.4378139803236177,0.4244552538944925,0.3190669939271937,1.0,-0.48063283555144787
Gait cadence,-0.06656078388119349,-0.9959495364947358,-0.5797907491814108,-0.3931708153720139,-0.48063283555144787,1.0
