source,group,feature,icc_2_1,n_subjects,n_trials,trial_ids_used,ms_subject,ms_trial,ms_error
embedding_biomarker,all,distance_healthy_plus_neuro_minus_ortho,0.8231383282338951,2,24,"1.0,2.0,3.0,4.0,5.0,6.0,7.0,8.0,9.0,10.0,14.0,13.0,12.0,11.0,15.0,16.0,17.0,18.0,19.0,20.0,21.0,22.0,23.0,24.0",8.515869658864457,0.1058981084705877,0.0457610474763769
embedding_biomarker,healthy,distance_healthy_plus_neuro_minus_ortho,0.3131799500609121,2,10,"1.0,2.0,3.0,4.0,5.0,6.0,7.0,8.0,9.0,10.0",0.5938761855335227,0.09515873216325216,0.11491754830939677
embedding_biomarker,neuro,distance_healthy_plus_neuro_minus_ortho,-0.05076198570800315,2,20,"1.0,2.0,3.0,4.0,5.0,6.0,7.0,8.0,9.0,10.0,13.0,14.0,11.0,12.0,15.0,16.0,17.0,18.0,19.0,20.0",0.017902729682733313,0.09040620745803497,0.11912810752401953
embedding_biomarker,ortho,distance_healthy_plus_neuro_minus_ortho,0.1444843686872371,2,9,"1.0,2.0,3.0,4.0,5.0,6.0,7.0,8.0,9.0",0.10371615190180059,0.036507608743299315,0.0431656291805893
