centroid_class,metric,normalized_before_centroid,centroid_000,centroid_001,centroid_002,centroid_003,centroid_004,centroid_005,centroid_006,centroid_007,centroid_008,centroid_009,centroid_010,centroid_011,centroid_012,centroid_013,centroid_014,centroid_015,centroid_016,centroid_017,centroid_018,centroid_019,centroid_020,centroid_021,centroid_022,centroid_023,centroid_024,centroid_025,centroid_026,centroid_027,centroid_028,centroid_029,centroid_030,centroid_031
healthy,euclidean,True,-0.076064214,-0.117155105,0.055535935,-0.11405656,-0.09582322,-0.0066902237,0.03966,0.2015539,0.23770571,0.11235018,0.2312781,-0.045110814,-0.17670424,-0.110480644,0.13864167,-0.018297935,-0.04122543,0.27787793,0.25387228,0.10293681,-0.058436584,-0.12557234,-0.22254138,-0.15853989,0.19953522,-0.3398182,0.3310079,0.06705062,0.1383838,0.05988103,-0.20552363,0.08673512
neuro,euclidean,True,-0.024286034,0.23665586,-0.13198785,-0.086123906,-0.10179708,-0.0644833,-0.0065333033,0.09445705,-0.1414481,0.201077,-0.058532033,-0.06444197,0.007664482,-0.14401081,-0.11167548,0.244938,-0.105296545,0.45253232,0.21264172,0.17136635,0.0033516937,-0.16460294,0.11520149,0.10838034,0.3352212,-0.149486,0.10752061,0.019669672,0.45424515,0.062039986,0.030422369,0.11401323
ortho,euclidean,True,-0.1538061,0.005986681,0.22031581,-0.1787197,-0.01069744,0.033183154,-0.048101153,-0.12924452,0.23905465,-0.16115876,0.1742225,-0.05218579,-0.27495748,-0.20756646,0.12323719,-0.19600615,0.060211375,0.03686999,0.048368897,-0.21176742,-0.09126017,0.06739176,-0.3463197,-0.22350302,0.020198915,0.010847034,0.31806135,-0.09576334,-0.23518007,0.0054412093,-0.36088827,-0.07848611
